,City,City_Id,Latitude,Longitude,Max Temp,Cloudy,Wind Speed,Humidity %
0,Spring Hill,4173838,28.46,-82.54,77.0,1,5.61,100
1,Whitehorse,6180550,60.72,-135.06,48.2,75,2.24,87
2,San Cristobal,3652462,-0.39,-78.55,50.0,75,11.41,87
3,Hobart,2163355,-42.88,147.33,48.2,75,28.86,81
4,Ribeira Grande,3372707,38.52,-28.7,72.13,0,6.51,100
5,Milkovo,727030,41.53,24.68,73.4,0,1.14,73
6,Bluff,2175403,-23.58,149.07,78.7,0,11.99,24
7,Barrow,3833859,-38.31,-60.23,41.8,0,14.56,42
8,Ushuaia,3833367,-54.81,-68.31,39.2,20,5.82,69
9,Rikitea,4030556,-23.12,-134.97,71.41,80,11.1,100
10,Yellowknife,6185377,62.45,-114.38,50.0,75,6.93,71
11,Estacion Coahuila,3979494,32.19,-115.0,91.04,1,8.05,42
12,Atar,2381334,20.52,-13.05,75.91,0,6.06,29
13,Nanortalik,3421765,60.14,-45.24,40.0,92,18.25,100
14,Broken Hill,2173911,-31.97,141.45,65.65,0,11.21,44
15,Luderitz,3355672,-26.65,15.16,51.97,80,9.19,95
16,Hermanus,3366880,-34.42,19.24,43.33,88,9.75,99
17,Kapaa,5848280,22.08,-159.32,80.06,90,24.16,90
18,Birin,170017,35.01,36.67,79.15,0,14.67,59
19,Port Elizabeth,4501427,39.31,-74.98,69.98,1,3.04,100
20,Busselton,2075265,-33.64,115.35,60.34,20,2.37,100
21,Sept-Iles,6144312,50.2,-66.38,57.2,75,4.7,93
22,Ponta Delgada,3372783,37.73,-25.67,69.8,40,2.24,77
23,Carutapera,3402648,-1.2,-46.02,76.45,8,5.73,91
24,Qaanaaq,3831208,77.48,-69.36,31.81,0,14.23,100
25,Komsomolskiy,1486910,67.55,63.78,54.94,0,3.71,80
26,Gat,2249901,14.69,-16.54,79.6,44,11.77,87
27,Saint-Pierre,2995603,48.95,4.24,44.6,0,4.7,81
28,Blairmore,5903535,49.61,-114.44,59.0,90,12.75,47
29,New Norfolk,2155415,-42.78,147.06,48.2,75,28.86,81
30,Vaini,1273574,15.34,74.49,70.6,92,7.4,100
31,Tasiilaq,3424607,65.61,-37.64,41.53,92,4.38,100
32,Albany,5106834,42.65,-73.75,69.08,75,6.93,70
33,Katsuura,1865309,33.93,134.5,89.6,40,5.82,59
34,Jamestown,2069194,-33.21,138.6,61.33,20,10.2,42
35,Chimbote,3698304,-9.08,-78.59,57.91,0,1.92,99
36,Uppsala,2666199,59.86,17.64,53.6,92,3.36,100
37,Ambovombe,1079048,-25.18,46.09,71.68,0,4.16,74
38,Poum,787487,41.28,20.71,62.6,75,3.36,88
39,Mataura,6201424,-46.19,168.86,52.24,20,16.46,68
40,Kruisfontein,986717,-34.0,24.73,55.3,0,28.88,99
41,Atuona,4020109,-9.8,-139.03,78.16,48,19.82,100
42,Arusha,161325,-3.37,36.69,64.4,75,6.51,88
43,Krylovskaya,540267,46.32,39.96,79.24,44,13.0,40
44,Arani,1259409,13.33,80.08,93.2,92,6.93,52
45,Kodiak,4407665,39.95,-94.76,77.0,1,5.82,90
46,Cape Town,3369157,-33.93,18.42,46.4,40,11.41,70
47,Nuevitas,3545841,21.55,-77.27,77.0,80,5.82,94
48,Longyearbyen,2729907,78.22,15.63,37.4,75,11.41,64
49,Chokurdakh,2126123,70.62,147.9,46.84,48,6.96,83
50,Salinas,5391295,36.67,-121.66,59.0,1,2.93,93
51,Uglovskoye,1488632,51.36,80.19,69.52,44,4.94,50
52,Amahai,1651591,-3.31,129.0,80.23,8,10.76,100
53,Esperance,3573739,10.24,-61.45,77.0,20,4.72,100
54,Thompson,6165406,55.74,-97.86,42.8,90,8.05,93
55,Sola,3137942,58.89,5.65,51.8,20,5.82,81
56,Norman Wells,6089245,65.28,-126.83,50.0,75,6.93,93
57,Bredasdorp,1015776,-34.53,20.04,42.8,92,21.92,87
58,Punta Arenas,3874787,-53.16,-70.91,37.4,75,3.36,86
59,Luganville,2136150,-15.51,167.18,78.61,68,21.27,99
60,Pevek,2122090,69.7,170.27,37.48,24,10.65,100
61,Sterling,4787534,39.0,-77.4,66.92,1,4.7,88
62,Katangli,2122783,51.71,143.23,60.25,12,6.06,83
63,East London,1006984,-33.02,27.91,57.2,0,16.11,62
64,Xam Nua,1652203,20.42,104.04,69.07,76,0.02,97
65,Farah,1142264,32.37,62.11,87.61,0,13.78,16
66,Geraldton,5960603,49.72,-86.95,60.8,90,3.36,93
67,Souillac,3026644,45.6,-0.6,53.6,90,2.24,93
68,San Carlos de Bariloche,7647007,-41.13,-71.31,44.6,0,24.16,75
69,Guanica,4565090,17.97,-66.91,75.91,8,6.73,100
70,Grand Gaube,934479,-20.01,57.66,77.0,20,16.11,53
71,Carnarvon,1014034,-30.97,22.13,39.91,80,15.12,85
72,Dhadar,1273892,28.33,75.06,90.58,20,8.41,65
73,Arraial do Cabo,3471451,-22.97,-42.02,69.97,88,19.26,98
74,At-Bashi,1528796,41.17,75.81,58.18,92,3.15,44
75,Qasigiannguit,3420768,68.82,-51.19,37.4,80,3.04,93
76,Cidreira,3466165,-30.17,-50.22,45.04,0,14.0,84
77,Avarua,4035715,-21.21,-159.78,71.6,90,5.82,88
78,Vostok,2013279,46.45,135.83,61.87,92,2.71,86
79,Clyde River,5924351,70.47,-68.59,33.8,40,8.05,99
80,Muroto,1856392,33.37,134.14,86.0,40,9.17,70
81,Tiksi,2015306,71.64,128.87,55.75,0,3.71,83
82,Hami,1529484,42.84,93.51,90.67,0,9.64,31
83,Port Alfred,964432,-33.59,26.89,61.33,0,21.05,86
84,La Sarre,6050194,48.8,-79.2,64.21,92,6.96,96
85,San Quintin,1688687,17.54,120.52,78.8,90,11.41,88
86,Faanui,4034551,-16.48,-151.75,78.79,0,7.07,100
87,Iqaluit,5983720,63.75,-68.52,41.0,40,6.93,75
88,Bambous Virieux,1106677,-20.34,57.76,77.0,20,16.11,53
89,Egvekinot,4031742,66.32,-179.17,40.36,92,3.71,100
90,Jiazi,1894019,19.61,110.49,87.8,40,8.95,74
91,Antsohihy,1068971,-14.88,47.99,80.77,0,10.42,51
92,Aklavik,5882953,68.22,-135.01,44.6,90,6.93,87
93,Mahibadhoo,1337605,3.78,72.97,81.85,92,12.44,100
94,Epe,2756071,52.18,7.04,46.4,20,2.24,93
95,Puerto Ayora,3652764,-0.74,-90.35,69.7,64,10.54,100
96,La Macarena,3827693,2.18,-73.79,68.8,68,1.59,99
97,Prince Rupert,6113406,54.32,-130.32,55.4,90,2.24,93
98,Mar del Plata,3863379,-46.43,-67.52,53.05,0,20.49,60
99,Castro,3896218,-42.48,-73.76,49.81,92,9.19,97
100,Kavieng,2094342,-2.57,150.8,84.1,32,2.15,100
101,Kenai,5866063,60.55,-151.26,53.96,90,2.59,100
102,Hasaki,2112802,35.73,140.83,95.0,20,9.17,63
103,Bonnyville,5905616,54.27,-110.74,50.0,75,6.93,81
104,Estevan,5949568,49.14,-102.99,50.0,1,4.7,75
105,Khatanga,2022572,71.98,102.47,62.5,0,11.99,73
106,Butaritari,2110227,3.07,172.79,84.37,76,9.64,100
107,Maracacume,3395497,-2.04,-45.96,72.13,8,3.94,93
108,Mokhsogollokh,2019867,61.4,128.95,59.62,92,3.94,83
109,Constitucion,4011743,23.99,-104.67,56.56,56,4.38,95
110,Port Augusta,2063056,-32.49,137.76,60.8,8,13.87,67
111,Kirkuk,94787,35.47,44.4,95.53,0,4.05,21
112,Qarayeri,586135,40.79,46.31,71.6,40,4.7,64
113,Suntar,2015913,62.16,117.65,61.51,92,4.38,79
114,Beni Suef,359173,29.07,31.1,80.32,0,8.41,57
115,Matagami,2335713,9.67,8.4,67.9,68,2.71,98
116,Udachnyy,2014624,66.42,112.4,59.26,32,3.38,71
117,Veraval,3031871,49.65,0.71,53.6,0,4.7,100
118,Dikson,1507390,73.51,80.55,44.86,56,13.11,100
119,Zonguldak,737021,41.25,31.83,75.2,40,1.7,88
120,Deputatskiy,2028164,69.3,139.9,53.05,0,3.94,67
121,Talnakh,1490256,69.49,88.39,55.57,76,3.71,83
122,Sisimiut,3419842,66.94,-53.67,30.37,24,3.49,96
123,Pacific Grove,5380437,36.62,-121.92,59.0,1,2.93,93
124,Eyl,60019,7.98,49.82,81.4,0,23.29,65
125,Sal Rei,3374235,16.18,-22.92,77.0,75,4.7,88
126,Sitka,4267710,37.17,-99.65,76.54,56,6.62,64
127,Scottsbluff,5699404,41.87,-103.67,66.02,1,8.05,83
128,Dickinson,5688789,46.88,-102.79,53.06,1,5.82,73
129,Araouane,2460954,18.9,-3.53,82.48,68,10.65,56
130,Nikolskoye,546105,59.7,30.79,55.4,75,2.24,93
131,Agadez,2448085,16.97,7.99,78.8,0,4.7,78
132,High Level,5975004,58.52,-117.13,46.4,90,5.82,93
133,Ahipara,2194098,-35.17,173.16,54.85,92,7.74,90
134,Lebu,344979,8.96,38.73,55.4,75,6.93,93
135,Jalu,86049,29.03,21.55,81.13,0,7.52,55
136,Henties Bay,3356832,-22.12,14.28,50.08,0,9.64,100
137,Bereznik,577240,62.86,42.71,66.01,0,7.74,71
138,Ewa Beach,5855051,21.32,-158.01,80.96,20,12.75,72
139,Airai,1651810,-8.93,125.41,82.03,36,1.03,54
140,Ponta do Sol,3453439,-20.63,-46.0,60.07,56,2.93,96
141,Kahului,5847411,20.89,-156.47,71.96,90,16.11,100
142,Sao Joao da Barra,3448903,-21.64,-41.05,75.01,76,23.29,94
143,Biskamzha,1510030,53.45,89.53,74.56,32,2.71,43
144,Gunjur,2413419,13.18,-16.76,73.4,75,11.41,94
145,Necochea,3430443,-38.55,-58.74,37.3,0,12.21,72
146,Pudozh,504269,61.81,36.54,68.89,36,14.23,68
147,Shakawe,933077,-18.36,21.84,68.8,80,8.19,32
148,Hilo,5855927,19.71,-155.08,73.94,90,19.71,100
149,Codrington,2160063,-28.95,153.24,58.0,92,3.49,97
150,Beli Manastir,3204320,45.77,18.61,62.6,20,12.75,82
151,Gimli,5961417,50.63,-96.99,56.11,8,7.52,88
152,Tuktoyaktuk,6170031,69.44,-133.03,44.6,75,5.82,81
153,Palmer,5871146,61.6,-149.11,57.02,1,1.92,83
154,Azare,2348595,11.67,10.19,70.87,100,3.38,94
155,Belle Fourche,5762718,44.67,-103.85,64.4,1,6.93,87
156,Bilibino,2126682,68.06,166.44,38.56,88,3.04,75
157,Pandan,1695555,11.72,122.09,83.11,32,14.0,99
158,Alice Town,3572924,25.72,-79.3,84.82,20,13.56,99
159,Teya,3526662,21.05,-89.07,77.0,75,10.29,83
160,Saskylakh,2017155,71.97,114.09,58.09,0,7.18,85
161,Hovd,7626384,63.83,10.7,50.0,75,8.05,93
162,Centerville,5772654,40.92,-111.87,75.38,1,12.75,30
163,Torbay,6167817,47.66,-52.73,62.6,5,20.8,82
164,Narsaq,3421719,60.91,-46.05,42.8,88,3.36,75
165,Hithadhoo,1282256,-0.6,73.08,81.67,20,8.97,100
166,Kuryk,609919,43.18,51.68,71.77,0,6.96,71
167,Dubuque,4854529,42.5,-90.66,69.8,1,5.82,100
168,Dustlik,1514125,40.53,68.03,75.73,0,4.38,55
169,Nouakchott,2377450,18.08,-15.98,79.78,0,20.04,100
170,Lagoa,2267254,37.14,-8.45,68.0,0,5.82,60
171,Lorengau,2092164,-2.02,147.27,82.66,68,4.94,100
172,Chuy,3443061,-33.69,-53.46,40.63,0,12.77,96
173,Touros,3386213,-5.2,-35.46,74.2,92,15.12,99
174,Kaitangata,2208248,-46.28,169.85,52.6,0,16.58,61
175,Klyuchi,1503153,52.25,79.17,69.07,8,8.97,46
176,Marshall,4243951,39.39,-87.69,78.98,40,10.29,88
177,Miquelon,3424941,47.1,-56.38,63.4,44,11.1,92
178,Brekstad,3160100,63.69,9.67,50.0,40,10.29,87
179,Shimoda,1852357,34.7,138.93,87.8,20,18.34,74
180,Lompoc,5367788,34.64,-120.46,60.98,90,5.82,87
181,Boden,606531,65.83,21.69,50.0,0,5.82,87
182,Provideniya,4031574,64.42,-173.23,47.38,44,14.45,98
183,Redlands,5386754,34.06,-117.19,72.5,1,5.82,62
184,Salalah,286621,17.01,54.1,73.4,90,4.7,100
185,Seymchan,2121373,62.93,152.39,49.81,36,10.98,63
186,Saint George,262462,39.45,22.34,73.4,40,2.24,73
187,Abu Samrah,172515,35.3,37.18,74.38,0,10.65,81
188,Saint-Philippe,6138908,45.36,-73.48,71.6,90,6.93,72
189,Ancud,3899695,-41.87,-73.83,50.17,92,9.98,98
190,Kapit,1737185,2.02,112.94,88.6,12,1.48,65
191,Novopavlovka,2018896,51.21,109.22,65.65,20,3.38,72
192,Katobu,1640972,-4.94,122.53,80.05,8,3.38,100
193,Faya,110690,18.39,42.45,77.0,40,6.96,36
194,Giyon,336372,8.53,37.98,58.54,92,2.93,100
195,Beringovskiy,2126710,63.05,179.32,49.18,100,6.06,100
196,Bethel,5880568,60.79,-161.76,55.94,90,8.05,96
197,Port Lincoln,2063036,-34.72,135.86,57.73,20,9.75,90
198,Tigil,2120612,57.8,158.67,56.38,56,8.19,86
199,Vestmannaeyjar,3412093,63.44,-20.27,47.02,92,8.97,100
200,Guerrero Negro,4021858,27.97,-114.04,67.45,0,8.75,100
201,Charters Towers,2171722,-20.07,146.27,76.18,0,5.06,62
202,Solnechnyy,2016307,50.72,136.64,73.03,92,5.61,65
203,Lavrentiya,4031637,65.58,-170.99,46.75,32,15.68,92
204,San Patricio,3437029,-26.98,-56.83,42.07,0,4.5,64
205,Luanda,2240449,-8.83,13.24,70.06,76,3.15,95
206,Cherskiy,2126199,68.75,161.3,36.31,80,7.96,90
207,Mackay,5921525,53.65,-115.58,51.8,90,3.36,93
208,Mul,1262574,20.07,79.68,77.17,92,13.56,99
209,Nata,146214,34.78,32.57,84.2,20,9.17,66
210,Seddon,6243926,-41.67,174.07,51.52,0,6.06,94
211,Hamilton,3573197,32.3,-64.78,80.6,40,4.7,78
212,Husavik,5961417,50.56,-96.99,56.11,8,7.52,88
213,Victoria,1733782,5.28,115.24,91.4,75,3.36,70
214,Vila Franca do Campo,3372472,37.72,-25.43,69.8,40,2.24,77
215,Nouadhibou,2377457,20.93,-17.03,69.8,0,14.99,83
216,Fare,4034496,-16.7,-151.02,78.97,8,6.96,100
217,Ketchikan,5554428,55.34,-131.65,57.02,90,3.36,90
218,Churachandpur,1273909,24.33,93.67,84.2,75,4.7,74
219,Beipiao,2038342,41.8,120.76,70.78,92,5.73,97
220,Isangel,2136825,-19.55,169.27,72.94,32,18.14,100
221,Killarney,2161441,-28.34,152.3,57.01,64,3.6,95
222,Beisfjord,3144987,68.38,17.6,50.0,92,20.8,81
223,Severo-Kurilsk,2121385,50.68,156.12,54.67,68,4.05,87
224,Coronado,3714201,8.53,-79.9,77.98,92,4.72,100
225,Georgetown,3378644,6.8,-58.16,75.2,0,2.24,100
226,Vardo,4372777,39.62,-77.74,71.06,1,5.82,68
227,Kamina,214614,-8.74,25.0,71.41,0,3.38,82
228,Mahebourg,934322,-20.41,57.7,77.0,20,16.11,53
229,Dargaville,2191911,-35.94,173.86,54.67,88,8.41,78
230,San Juan,1692193,14.6,121.03,86.0,75,10.29,84
231,Paita,3694112,-5.09,-81.11,61.6,0,3.94,94
232,Taksimo,2015701,56.36,114.84,60.43,44,2.59,75
233,Richards Bay,962367,-28.77,32.06,73.03,0,8.52,59
234,Urucara,3385670,-2.54,-57.76,80.14,0,1.92,60
235,Juneau,5554072,58.3,-134.42,53.96,90,4.7,100
236,Shelburne,6145890,44.08,-80.2,69.8,75,6.93,94
237,Yumaguzino,466538,52.9,56.39,66.73,8,5.95,67
238,Narathiwat,1608409,6.43,101.8,86.0,20,6.93,74
239,North Bend,5742974,43.41,-124.22,59.0,1,8.05,86
240,Lubango,3347762,-14.92,13.49,52.96,0,1.59,86
241,Okha,2122614,53.59,142.95,67.99,0,14.79,64
242,Boyolangu,1648082,-8.09,111.9,89.59,0,6.17,43
243,Tual,1623197,-5.67,132.75,80.68,56,9.08,96
244,Upernavik,3418910,72.79,-56.15,39.19,88,15.57,98
245,Kieta,2094027,-6.22,155.63,79.78,8,2.04,100
246,Sena Madureira,3662155,-9.07,-68.66,71.23,64,4.72,88
247,Chapais,5919850,49.78,-74.86,59.0,90,6.93,100
248,Margate,2158744,-43.03,147.26,46.4,75,17.22,75
249,Smithers,6149996,54.78,-127.17,57.2,90,5.82,62
250,Viedma,3832899,-40.81,-62.99,51.97,88,14.0,48
251,Karratha,6620339,-20.74,116.85,87.52,0,9.42,10
252,Xihe,1808783,34.02,105.29,66.19,76,3.71,82
253,Borskoye,571987,53.03,51.7,68.08,0,5.95,57
254,Vitim,2013375,59.44,112.57,57.28,56,3.38,91
255,Looc,1717512,10.32,123.95,87.8,75,8.05,62
256,Ormara,1168700,25.21,64.64,82.48,0,15.12,78
257,Cayenne,3382160,4.94,-52.33,75.2,68,6.73,100
258,Ayer Tawar,1735450,4.3,100.75,91.4,75,4.7,59
259,Paka,3190586,45.29,18.06,62.6,20,12.75,82
260,Vao,588365,59.1,26.19,58.99,68,3.71,92
261,Sharkan,495688,57.3,53.87,63.4,8,5.61,87
262,Cam Ranh,1586350,11.92,109.15,84.37,92,1.92,85
263,Bathsheba,3374083,13.22,-59.52,80.6,20,20.8,74
264,Oda,1854774,35.19,132.5,89.6,75,13.87,52
265,Wanaka,2184707,-44.7,169.14,44.68,8,4.05,58
266,Martapura,1636022,-3.41,114.85,75.2,40,4.7,88
267,Mahajanga,1062663,-15.72,46.32,77.0,20,6.93,47
268,Springbok,3361142,-29.67,17.88,37.4,90,16.11,93
269,Sorland,3137469,67.67,12.69,52.51,44,25.64,100
270,Nanpiao,2035644,41.1,120.75,73.21,92,2.71,86
271,Hobyo,57000,5.35,48.53,78.61,20,19.6,74
272,Collie,2074113,-33.36,116.15,64.12,36,7.07,69
273,Lazaro Cardenas,3996234,28.39,-105.62,76.27,68,1.36,72
274,Bolgar,570990,54.97,49.03,62.6,0,2.24,67
275,Itaituba,3397967,-4.26,-55.99,70.51,32,2.04,100
276,Ulaangom,1515029,49.98,92.07,67.36,20,3.04,44
277,Paracuru,3393115,-3.41,-39.03,78.8,75,14.99,83
278,Mahon,2965139,51.89,-8.4,57.2,75,16.11,100
279,Rio Gallegos,3838859,-51.62,-69.22,37.4,40,3.36,86
280,Tezu,1254709,27.93,96.16,75.01,80,1.59,86
281,Binga,895057,-17.62,27.34,70.42,0,8.52,77
282,Mbaiki,2384770,3.87,17.99,71.5,0,2.71,93
283,Mmabatho,975436,-25.85,25.61,55.4,0,8.05,71
284,Sarakhs,1159716,36.54,61.16,80.6,0,6.93,19
285,Ostrovnoy,556268,68.05,39.51,60.79,92,15.68,90
286,Villanueva de la Serena,2509553,38.97,-5.8,61.33,0,1.36,70
287,Carballo,3126369,43.21,-8.69,53.6,0,2.24,100
288,Horsham,2163055,-36.71,142.2,55.57,88,13.67,87
289,Los Llanos de Aridane,2514651,28.66,-17.92,71.6,0,10.29,78
290,Dalnerechensk,2025159,45.93,133.72,69.25,56,3.6,76
291,Rawson,3839307,-43.3,-65.11,49.81,0,11.1,56
292,San,2451778,13.3,-4.9,69.7,12,7.63,95
293,Celestun,3531368,20.87,-90.4,81.49,0,14.0,100
294,Toamasina,1053384,-18.17,49.38,69.8,40,5.82,88
295,Shingu,1847947,33.72,135.99,84.2,20,6.93,83
296,Mandera,187896,3.94,41.86,78.61,76,11.65,60
297,Zwedru,2272491,6.07,-8.13,69.97,92,4.16,99
298,Batticaloa,1250161,7.71,81.69,86.8,88,3.15,81
299,Turayf,101312,31.68,38.65,78.8,0,17.22,36
300,Blackwater,2639577,51.33,-0.78,51.8,68,4.7,87
301,Shache,1280037,38.42,77.24,71.68,80,6.06,56
302,De-Kastri,2126018,51.48,140.77,63.76,0,2.15,80
303,Lasa,146639,34.92,32.53,84.2,20,9.17,66
304,Aitape,2101169,-3.15,142.36,79.78,68,4.5,100
305,Yulara,6355222,-25.24,130.99,75.2,0,8.05,9
306,Coari,3664539,-4.09,-63.14,78.34,24,7.63,81
307,Dongsheng,1788268,29.72,112.52,91.57,32,14.23,60
308,Ust-Tarka,1488074,55.56,75.71,58.27,48,11.54,90
309,Te Anau,2181625,-45.41,167.72,47.02,44,12.55,76
310,Areia Branca,3471609,-10.76,-37.31,77.0,40,8.05,69
311,Allapalli,1278987,19.43,80.06,80.23,100,12.55,87
312,Yarada,1252783,17.65,83.27,80.77,92,21.16,100
313,Maiduguri,2331447,11.84,13.15,71.5,8,5.95,94
314,Vanimo,2084442,-2.67,141.3,78.7,76,1.7,100
315,Beloha,1067565,-25.17,45.06,71.05,0,4.94,53
316,Tocopilla,3869716,-22.09,-70.2,53.23,44,4.5,100
317,Forfar,2649207,56.64,-2.89,50.0,0,1.12,87
318,Hamada,1863310,34.9,132.08,84.2,75,4.7,79
319,Tabas,113659,33.6,56.92,86.17,0,3.49,19
320,Innisfail,5983430,52.02,-113.95,53.6,90,16.11,76
321,Bilma,2446796,18.69,12.92,80.77,0,12.44,58
322,Nyandoma,516647,61.67,40.21,67.18,0,11.65,66
323,Mayor Pablo Lagerenza,3867427,-19.93,-60.77,55.12,36,8.52,43
324,Champerico,3530097,16.38,-93.6,71.6,75,10.29,88
325,Tongzi,1799686,28.78,105.09,92.11,0,2.93,59
326,Tonantins,3661894,-2.86,-67.77,73.3,64,2.37,96
327,Sao Filipe,3374210,14.9,-24.5,77.8,0,7.4,100
328,Saldanha,2737599,41.42,-6.55,49.63,0,3.94,90
329,Severnoye,496381,54.09,52.54,64.93,0,6.73,76
330,Chikwawa,931070,-16.03,34.79,68.0,0,9.17,56
331,Emba,146639,34.81,32.42,84.2,20,9.17,66
332,Tura,1254046,25.52,90.21,82.75,92,2.59,91
333,Ibra,287832,22.69,58.55,91.03,20,3.49,49
334,Quesnel,6115187,52.98,-122.49,57.2,90,2.48,82
335,Floro,3156980,61.6,5.03,48.2,92,6.93,93
336,Shebunino,468902,57.66,40.04,68.8,0,9.75,63
337,Ust-Kuyga,2013921,70.0,135.55,55.93,0,4.05,86
338,Bonga,341742,7.26,36.25,62.05,56,2.15,92
339,Visnes,3131500,59.36,5.22,51.8,88,4.7,93
340,Yar-Sale,1486321,66.83,70.83,54.58,20,16.58,88
341,Kloulklubed,7671223,7.04,134.26,86.0,75,4.7,66
342,Westport,2960970,53.8,-9.52,50.0,90,13.87,100
343,Boulder City,5500539,35.98,-114.83,93.02,20,8.05,22
344,Fougamou,2400578,-1.22,10.59,71.05,80,2.93,96
345,Abha,110690,18.22,42.5,77.0,40,1.59,36
346,Coihaique,3894426,-45.58,-72.07,46.4,40,13.87,87
347,Caravelas,3466980,-17.73,-39.27,75.73,64,14.56,100
348,Northam,2641434,51.04,-4.21,55.4,75,17.02,93
349,San Policarpo,1688696,12.18,125.51,83.02,56,7.4,98
350,Saint Anthony,5606187,43.97,-111.68,68.0,1,10.29,4
351,Peleduy,2018069,59.63,112.75,57.28,56,3.38,91
352,Zyryanka,2119283,65.73,150.89,49.63,48,5.61,65
353,Galesong,1644605,-5.32,119.37,91.4,20,12.75,49
354,Polewali,1969674,-4.03,119.8,86.44,32,12.44,64
355,Hokitika,2206894,-42.72,170.96,50.8,92,6.17,100
356,Ulladulla,2145554,-35.36,150.48,60.8,40,9.17,67
357,Fairbanks,5861897,64.84,-147.72,57.92,1,4.7,70
358,Bodden Town,3580733,19.28,-81.25,85.36,12,13.67,97
359,Vrangel,2013258,42.73,133.08,65.11,8,6.62,98
360,Maniitsoq,3421982,65.42,-52.9,37.93,0,5.73,93
361,Mountain Home,5601615,43.13,-115.69,77.0,75,13.87,27
362,Waitakere,7302484,-36.92,174.66,55.4,48,11.41,71
363,Baghdad,98182,33.3,44.38,95.0,0,16.11,26
364,Masallatah,2215163,32.62,14.0,70.51,0,2.37,82
365,Christchurch,2192362,-43.53,172.64,51.8,0,10.29,81
366,Merauke,2082539,-8.49,140.4,82.21,64,15.12,75
367,Katherine,2068655,-14.47,132.26,93.2,40,5.82,28
368,Hit,95788,33.64,42.83,93.91,0,16.58,18
369,Leh,1264976,34.16,77.58,42.61,64,1.7,61
370,Ballina,2966778,54.11,-9.15,50.0,90,13.87,100
371,Salto,3440714,-31.39,-57.96,36.49,0,4.5,95
372,Kungurtug,1501377,50.6,97.53,68.8,12,2.59,33
373,Prudentopolis,3452216,-25.21,-50.98,40.54,0,4.5,60
374,Xicotencatl,3483063,23.02,-98.88,75.64,44,3.04,88
375,Klaksvik,2618795,62.23,-6.59,44.6,64,6.73,87
376,Coahuayana,3981460,18.62,-100.35,64.75,88,3.04,94
377,Berlevag,780687,70.86,29.09,50.98,92,3.71,98
378,Kasongo-Lunda,2315026,-6.48,16.82,67.9,88,2.93,98
379,Verkhnevilyuysk,2013639,63.45,120.31,62.59,12,3.38,64
380,Roald,3141667,62.58,6.12,48.2,40,8.05,93
381,Kumluca,305681,36.37,30.29,69.61,0,2.04,61
382,Brigantine,4500920,39.41,-74.36,66.02,1,4.61,93
383,Cuiluan,2033413,47.72,128.65,68.08,48,3.71,79
384,Plouzane,2986626,48.38,-4.62,57.2,90,14.99,93
385,Timbuktu,2449067,16.77,-3.01,75.46,44,3.49,94
386,Nizhniy Kuranakh,2019135,58.84,125.49,57.1,92,3.38,94
387,Pozo Colorado,3437443,-23.49,-58.8,47.11,0,8.75,60
388,Ixtapa,4004293,20.71,-105.21,78.8,75,1.7,100
389,Chagoda,570086,59.16,35.33,68.44,8,8.41,56
390,Sao Paulo de Olivenca,3662252,-3.38,-68.87,73.57,56,1.48,93
391,Changji,1790885,32.07,116.17,87.07,44,9.53,81
392,Grass Valley,5353775,39.22,-121.06,73.94,90,4.7,39
393,Nybro,2687902,56.75,15.91,50.0,24,8.05,93
394,Nelson Bay,2155562,-32.72,152.14,60.8,40,9.17,67
395,Inhambane,1045114,-23.87,35.38,69.8,0,10.42,88
396,Samarai,2132606,-10.62,150.67,76.9,100,4.38,100
397,Batagay,2027044,67.65,134.64,58.45,0,3.6,69
398,Byron Bay,2172880,-28.65,153.62,64.4,75,8.05,82
399,Bucerias,4016734,20.76,-105.33,78.8,75,4.61,100
400,Hailar,2037078,49.2,119.7,73.75,80,4.5,73
401,Leningradskiy,2123814,69.38,178.42,35.77,88,8.41,100
402,Kropotkin,540761,45.43,40.58,79.87,0,14.45,39
403,Port-Gentil,2396518,-0.72,8.78,75.2,75,9.17,88
404,Nemuro,2128975,43.32,145.57,66.2,75,4.7,82
405,Umm Kaddadah,364933,13.6,26.69,75.28,48,4.72,82
406,Eirunepe,3664321,-6.66,-69.87,74.74,48,4.72,86
407,Samana,3655185,0.12,-76.97,70.24,56,1.92,98
408,Broome,2656067,52.47,1.45,50.0,0,5.82,87
409,Padang,1633419,-0.92,100.36,79.87,32,3.6,100
410,Vila Velha,6320062,-3.71,-38.6,78.8,75,14.99,83
411,Epiniana,256508,39.14,21.61,64.3,36,0.69,92
412,Kalulushi,914959,-12.84,28.09,61.6,0,7.63,49
413,Sambava,1056899,-14.27,50.17,73.84,0,14.56,100
414,Anadyr,2127202,64.73,177.51,48.2,75,11.18,70
415,Manoel Urbano,3663495,-8.84,-69.26,71.05,44,4.61,91
416,Saint-Georges,6295855,46.12,-70.67,62.5,20,4.16,82
417,Chakrata,1274886,30.7,77.87,71.86,92,1.48,91
418,Taltal,3870243,-25.41,-70.49,46.75,0,1.59,89
419,Gornoye Loo,823676,43.72,39.61,77.0,40,4.47,69
420,Oktyabrskiy,515873,55.61,37.97,62.6,0,6.71,67
421,Lesosibirsk,1500607,58.22,92.49,68.89,92,3.71,66
422,Tuatapere,2180815,-46.13,167.69,52.15,0,19.6,85
423,Sabang,1691355,13.72,123.58,87.43,64,9.98,75
424,Spassk-Ryazanskiy,489741,54.41,40.38,73.66,0,4.94,41
425,Rudnogorsk,2017378,57.27,103.75,73.48,8,4.38,52
426,Krasnyy Yar,541344,50.7,44.73,74.11,0,5.61,42
427,Monrovia,2274895,6.33,-10.8,73.4,75,4.38,94
428,Oktyabrskoye,1511846,56.73,85.44,64.84,80,3.49,91
429,Manbij,167357,36.53,37.96,84.2,0,12.55,48
430,Antofagasta,3899539,-23.65,-70.4,59.0,90,9.17,67
431,Rio Grande,3451138,-32.03,-52.1,43.24,0,17.58,100
432,Banda Aceh,1215502,5.56,95.32,88.87,44,6.4,56
433,Gandajika,216449,-6.75,23.95,68.35,80,4.61,99
434,Chivay,3943626,-15.64,-71.6,11.56,0,2.48,68
435,Calabar,2346229,4.98,8.34,74.11,76,3.15,100
436,Kindu,212902,-2.95,25.92,68.8,92,2.71,100
437,Sennoy,497019,52.16,46.96,70.96,0,5.17,50
438,Iroquois Falls,5984000,48.76,-80.69,64.4,90,2.24,93
439,Mount Isa,2065594,-20.73,139.49,78.8,0,14.99,11
440,Srednekolymsk,2121025,67.46,153.71,42.34,64,4.5,69
441,Mandalgovi,2030065,45.76,106.27,66.01,0,10.98,76
442,Khanpur,1174167,28.65,70.66,92.83,0,11.54,56
443,Suhut,300273,38.53,30.55,72.76,0,3.71,50
444,Nome,4732862,30.04,-94.42,80.96,1,6.06,83
445,Grindavik,3416888,63.84,-22.43,44.6,75,6.93,87
446,Belmonte,8010472,40.36,-7.35,54.4,0,4.05,69
447,Hualmay,3939761,-11.1,-77.61,53.23,32,4.16,93
448,Independence,4391812,39.09,-94.42,80.06,1,6.93,83
449,Arica,3899361,-18.48,-70.32,60.8,90,3.36,72
450,Baykit,1510689,61.68,96.39,59.17,12,3.94,86
451,Ilulissat,3423146,69.22,-51.1,37.4,80,3.04,93
452,Tancheng,1800764,33.44,116.55,88.42,8,10.2,65
453,Portland,5746545,45.52,-122.67,62.06,90,5.82,86
454,Barra Patuca,3614835,15.8,-84.28,83.56,92,16.24,88
455,Salym,1493162,60.06,71.48,64.12,56,8.52,71
456,Abalak,2448245,15.46,6.28,72.4,32,10.76,87
457,Deep River,5937073,46.1,-77.49,68.0,90,5.82,94
458,Mount Gambier,2156643,-37.83,140.78,51.97,92,8.08,94
459,Hope,5976783,49.38,-121.43,57.2,90,5.82,87
460,Kaeo,2189343,-35.1,173.78,54.13,36,7.4,74
461,Tabou,2281120,4.42,-7.36,77.08,92,15.46,100
462,Teguldet,1489822,57.31,88.17,68.26,56,5.61,69
463,Asifabad,1278282,19.38,79.29,79.24,92,14.45,82
464,Port Dickson,1734815,2.52,101.79,89.6,75,10.29,59
465,Labuhan,1641899,-2.54,115.51,83.02,36,4.16,77
466,Homer,5864145,59.64,-151.54,55.04,90,10.42,93
467,Homun,2350436,7.22,8.52,70.6,68,2.71,99
468,Fortuna,2517679,38.18,-1.13,78.8,20,5.82,78
469,Coquimbo,3893629,-29.95,-71.34,48.2,0,4.7,87
470,Buarcos,2741961,40.16,-8.88,57.2,0,1.12,93
471,Alofi,4036284,-19.06,-169.92,71.6,76,10.29,88
472,Diego de Almagro,3892454,-26.39,-70.05,48.19,0,1.59,79
473,Pshekhskaya,504371,44.7,39.8,75.2,0,11.18,57
474,Manaure,3675504,11.78,-72.45,81.67,0,22.28,95
475,Gazanjyk,161974,39.24,55.52,84.91,0,3.94,20
476,Hambantota,1244926,6.12,81.12,83.83,68,18.25,87
477,La Primavera,3844421,-32.92,-68.67,46.4,0,3.36,69
478,Oxford,4081914,33.61,-85.83,75.92,1,3.6,91
479,Strezhevoy,1490796,60.73,77.6,62.6,75,6.71,82
480,Atambua,1651103,-9.11,124.89,83.2,24,7.07,80
481,Jinchang,1805733,38.52,102.19,69.34,0,8.19,68
482,Luba,1705460,17.32,120.7,77.53,80,11.77,87
483,Nortelandia,3456248,-14.45,-56.8,64.21,44,10.2,69
484,Ushtobe,1517637,45.25,77.98,77.71,0,6.62,36
485,Morant Bay,3489440,17.88,-76.41,84.2,20,4.7,70
486,Dunedin,2191562,-45.87,170.5,47.38,0,1.59,78
487,Chicama,3698359,-7.84,-79.15,60.8,40,3.36,93
488,Campoverde,3175058,41.54,12.73,77.0,40,5.82,77
489,Zhuhai,2052479,40.71,112.04,80.6,0,6.71,47
490,Progreso,3440963,-34.68,-56.22,37.4,0,5.82,88
491,Bowen,2174444,-20.01,148.25,78.8,0,9.17,54
492,Haines Junction,5969025,60.75,-137.51,44.5,68,2.15,89
493,Sebinkarahisar,739914,40.29,38.42,70.15,0,2.59,28
494,Lamu,1623890,0.57,122.3,79.96,64,2.93,87
495,Axim,2303611,4.87,-2.24,75.19,92,10.98,100
496,Aktau,610612,43.65,51.16,77.0,0,11.18,20
497,Aswan,359792,24.09,32.9,87.8,0,5.82,22
498,Kisangani,212730,0.52,25.21,74.29,44,2.48,95
499,Nantucket,4944903,41.28,-70.1,64.04,90,5.95,100
500,Tateyama,1849876,36.66,137.31,93.2,40,13.87,52
501,Harper,4696310,30.3,-99.24,84.92,1,12.1,54
502,Carlagan,1718367,14.97,122.05,84.19,88,13.44,90
503,Virginia Beach,4791259,36.85,-75.98,73.94,40,3.15,97
504,Cururupu,3401148,-1.82,-44.87,74.83,0,4.94,93
505,Alice Springs,2077895,-23.7,133.88,73.4,0,8.05,11
506,Quimperle,2984699,47.87,-3.55,55.4,90,4.7,87
507,Rantauprapat,1214073,2.1,99.83,87.34,20,2.71,65
508,Altus,4529292,34.64,-99.33,85.82,1,11.41,49
509,Puerto Colombia,3671497,10.99,-74.96,80.32,0,6.96,91
510,Uni,478996,57.75,51.49,61.69,0,4.16,88
511,Anage,3472298,-14.61,-41.14,61.78,68,5.39,95
512,Charlottesville,4752031,38.03,-78.48,64.94,1,2.37,100
513,Caucaia,3402429,-3.73,-38.66,78.8,75,14.99,83
514,Ashland,4282757,38.48,-82.64,71.06,1,4.5,81
515,Saint-Leu,6690297,-21.15,55.28,77.0,0,12.75,53
516,Kaduqli,373141,11.01,29.72,72.58,48,4.16,98
517,Grootfontein,3357114,-19.56,18.1,51.8,0,4.72,57
518,Berga,3128201,42.1,1.85,68.0,0,1.12,68
519,Suriapet,1255344,17.15,79.62,84.28,68,14.79,73
520,Maxixe,1039536,-23.86,35.35,69.8,0,10.42,88
521,Arroio Grande,3471422,-32.24,-53.09,45.31,44,18.59,100
522,Galveston,4920577,40.58,-86.19,77.0,1,6.93,100
523,Tiarei,4033356,-17.53,-149.33,75.2,20,2.24,83
524,Kongolo,212360,-5.39,27.0,70.15,8,3.49,92
525,Alihe,2038665,50.57,123.73,72.22,88,2.59,67
526,Kulhudhuffushi,1337613,6.62,73.07,80.5,32,12.66,100
527,Alzamay,1511709,55.55,98.67,77.8,20,3.15,53
528,Yamada,1849876,36.58,137.08,93.2,40,13.87,52
529,Bulgan,2032201,48.81,103.53,70.33,24,3.94,58
530,Hofn,2630299,64.25,-15.21,43.15,48,8.97,100
531,Uthal,1162862,25.81,66.62,81.85,44,4.61,78
532,Fraserburgh,2649089,57.69,-2.02,48.2,76,4.7,87
533,Kiama,2161515,-34.67,150.86,60.8,40,9.17,67
534,Alberton,993800,-26.25,28.13,59.0,8,13.56,62
535,Babushkin,2027276,51.72,105.86,67.18,0,3.6,71
536,Ulaanbaatar,2028462,47.92,106.92,62.6,40,4.47,67
537,Mayo,6068416,63.59,-135.9,50.0,40,4.7,81
538,Saryg-Sep,1492948,51.49,95.55,72.31,12,2.59,52
539,Port Hedland,2063042,-20.31,118.58,82.4,0,13.87,17
540,Devonport,2168943,-41.18,146.36,48.46,68,12.66,85
541,Nizhneangarsk,2019199,55.78,109.57,62.23,0,1.7,77
542,Hansot,1270413,21.59,72.81,84.2,75,13.87,70
543,Lamar,5427957,38.09,-102.62,71.96,1,12.75,66
544,Gatun,4294072,36.87,-83.3,65.66,40,2.04,98
545,Manakara,1061605,-22.14,48.01,71.5,44,7.18,96
546,Enkoping,2716166,59.64,17.08,53.6,48,2.24,93
547,Danjiangkou,1813828,32.54,111.51,87.7,0,5.73,61
548,Mazyr,625324,52.05,29.27,71.68,8,5.39,58
549,Marawi,1701054,8.0,124.29,78.43,32,1.48,83
550,Sfantu Gheorghe,667306,44.65,26.83,69.8,0,5.82,73
551,Aykhal,2027296,65.95,111.51,58.63,68,4.05,72
552,Arona,3182812,45.76,8.56,66.2,0,17.22,25
553,Vestmanna,2610343,62.16,-7.17,44.6,68,7.18,87
554,Llanes,3118304,43.42,-4.75,46.93,0,1.7,88
555,Aleksandrovskiy Zavod,2027933,50.92,117.94,72.58,80,3.38,68
556,Warner Robins,4229476,32.62,-83.6,71.6,1,5.61,91
557,Vavuniya,1225018,8.76,80.5,90.58,56,9.42,63
558,Tautira,4033557,-17.73,-149.15,75.2,20,2.24,83
559,Mwinilunga,902620,-11.73,24.43,61.24,0,4.05,55
560,Nago,3172402,45.88,10.89,59.0,40,5.82,87
561,Kimberley,990930,-28.74,24.76,42.8,0,4.7,41
562,West Wendover,5710035,40.74,-114.07,78.98,1,4.7,4
563,Awjilah,88533,29.14,21.3,80.5,0,7.63,59
564,Dawlatabad,1142226,36.41,64.91,81.85,0,6.96,26
565,Zhigansk,2012530,66.77,123.37,61.15,0,3.15,57
566,Bongandanga,218229,1.51,21.07,72.85,20,2.71,92
567,Petatlan,3992842,17.52,-101.27,80.95,12,1.48,100
568,Kano,2335204,11.99,8.53,73.4,0,2.24,100
569,Matadi,2313002,-5.83,13.46,69.52,68,3.94,92
570,Havre-Saint-Pierre,5972291,50.23,-63.6,53.6,40,4.7,93
571,Tevriz,1489661,57.51,72.4,57.82,92,9.64,98
572,Gamba,1281256,28.28,88.52,46.57,12,2.37,90
573,Dzhebariki-Khaya,2024626,62.22,135.8,65.02,0,3.15,68
574,Itarema,3393692,-2.92,-39.92,77.17,44,13.11,88
575,Palana,2122262,59.08,159.95,51.88,76,4.16,86
576,Djougou,2394560,9.71,1.67,70.87,92,8.52,97
577,Kuito,3348078,-12.38,16.94,58.0,0,5.06,67
578,Vila do Maio,3374120,15.13,-23.22,78.8,75,3.36,83
579,Emerald,2167426,-23.53,148.16,78.16,0,12.77,21
580,Monticello,5038045,45.31,-93.79,66.02,1,4.61,92
581,Padrauna,1260909,26.9,83.98,89.05,92,9.75,78
582,Dingle,1714733,11.0,122.67,86.53,12,9.08,67
583,Bargur,1265863,12.54,78.35,84.37,92,13.78,54
584,Neu Wulmstorf,2863795,53.47,9.79,50.0,64,4.7,93
585,Baracoa,3567834,20.35,-74.5,78.43,76,5.06,100
586,Wahiawa,5853992,21.5,-158.02,80.96,75,6.93,82
587,La Ronge,6050066,55.1,-105.3,44.6,75,1.92,93
588,Pangai,4032369,-19.8,-174.35,73.57,0,16.02,100
589,Calamba,1720681,14.21,121.17,86.0,75,10.29,84
590,Athabasca,5887916,54.72,-113.29,49.63,80,4.72,96
591,Mandiana,2417795,10.62,-8.7,68.44,68,6.17,97
592,Blantyre,931755,-15.79,35.0,68.0,0,9.17,56
593,Biak,1637001,-0.91,122.88,79.51,88,5.17,90
594,Nandi,184471,0.19,35.1,68.0,40,5.82,93
595,Creel,4012593,27.75,-107.63,52.87,20,1.92,95
596,Honningsvag,779554,70.98,25.97,52.69,32,3.38,95
597,Parati,3467747,-20.51,-54.63,55.4,0,14.99,58
598,Vossevangen,3131329,60.63,6.42,40.45,92,2.04,100
599,California City,5332748,35.13,-117.99,84.92,1,13.87,25
600,Sakaiminato,1853174,35.55,133.23,93.2,75,13.87,41
601,Tuxpan,3980844,19.56,-103.38,60.7,56,0.13,98
602,Porto Novo,6322184,-23.68,-45.44,60.8,75,8.05,82
603,Upata,3625710,8.02,-62.41,71.05,12,5.73,96
604,Rundu,3353383,-17.91,19.77,65.11,24,5.73,35
605,Nizhniy Ingash,1497497,56.2,96.53,76.9,0,4.38,60
606,Kudahuvadhoo,1337607,2.67,72.89,82.21,88,10.09,100
607,Lang Son,1576633,21.83,106.73,84.46,80,7.52,79
608,Gambiran,1623251,-7.93,111.77,89.23,0,3.94,41
609,Dong Hoi,1582886,17.48,106.6,79.78,92,19.6,100
610,Bosobolo,2316473,4.19,19.88,71.23,0,4.5,95
611,Calama,3897347,-22.46,-68.93,42.8,0,18.34,18
612,Boende,218680,-0.28,20.88,72.58,56,3.04,94
613,Kurchum,1521762,48.57,83.65,76.36,68,5.95,41
614,Basoko,219414,1.23,23.61,73.3,44,4.05,95
615,Ipixuna,3408424,-1.76,-48.8,75.2,0,3.36,94
616,Gorgan,132892,36.84,54.43,80.6,40,4.7,74
617,Fort Dodge,4857486,42.5,-94.17,73.04,1,8.63,94
618,Yabelo,326036,4.89,38.09,69.61,56,3.71,69
619,Turukhansk,1488903,65.8,87.96,61.51,64,5.17,87
620,Zaraza,3625066,9.35,-65.33,75.55,68,3.04,90
621,Vilhena,3924679,-12.74,-60.15,64.93,36,5.95,73
622,Eureka,5563397,40.8,-124.16,51.8,90,4.05,93
623,Ulety,2014369,51.36,112.48,60.43,100,4.5,94
624,Miedzyrzecz,3091969,52.44,15.58,51.8,0,5.82,81
625,Waipawa,2185329,-39.94,176.59,51.43,0,5.39,70
626,Bubaque,2374583,11.28,-15.83,81.04,68,18.7,100
627,Marsa Matruh,352733,31.35,27.25,77.0,20,6.93,83
628,Alyangula,2079582,-13.85,136.42,78.88,0,19.15,85
629,Cabo San Lucas,3985710,22.89,-109.91,82.4,5,4.7,69
630,Krishnarajpet,1265852,12.65,76.49,73.57,80,14.79,89
631,North Chicago,4903862,42.33,-87.84,78.98,90,3.71,100
632,Susanville,5572400,40.42,-120.65,64.4,1,3.36,36
633,Aksu,1524298,52.04,76.93,62.6,75,8.95,59
634,Perehonivka,698782,49.98,30.49,71.6,0,4.47,43
635,Galeana,4006081,24.83,-100.08,50.44,0,2.59,96
636,Havelock,4470244,34.88,-76.9,73.94,20,0.69,100
637,Ligayan,1706466,4.65,119.47,84.55,24,11.1,100
638,West Bay,2654726,50.71,-2.76,51.8,75,10.2,93
639,Queimadas,3391040,-7.36,-35.9,68.0,40,10.29,88
640,San Jose,1689431,15.79,120.99,75.28,92,3.38,99
641,Oistins,3373652,13.07,-59.53,80.6,20,20.8,74
642,Gushikawa,1863495,26.35,127.87,86.0,20,20.8,74
643,La Palma,3687505,5.36,-74.39,63.67,24,1.48,96
644,Praia da Vitoria,3372760,38.73,-27.07,71.6,40,9.42,94
645,Chirongui,1090415,-12.93,45.15,78.8,40,9.17,74
646,Puerto Quijarro,3465342,-19.0,-57.72,58.18,44,9.98,64
647,Mareeba,2158767,-16.99,145.42,80.6,40,14.99,61
648,Port Arthur,4720039,29.9,-93.93,86.0,1,6.06,100
649,San Jose de Tarros,3602065,15.3,-88.7,73.4,40,2.37,100
650,Santa Isabel do Rio Negro,3662489,-0.41,-65.02,73.3,8,2.93,97
651,Dudinka,1507116,69.41,86.18,63.67,68,7.4,84
652,Ambatondrazaka,1082639,-17.82,48.43,60.97,64,3.71,84
653,Moen,3145649,69.13,18.61,51.8,56,21.92,76
654,Castrovillari,6540785,39.82,16.2,53.6,90,10.29,100
655,Tornio,637314,61.12,27.27,55.4,0,2.24,93
656,Lakeside,5364782,32.86,-116.92,73.04,75,4.7,82
657,Flinders,6255012,-34.58,150.85,60.8,40,9.17,67
658,Malibu,4196508,33.61,-84.48,73.94,20,6.93,71
659,Cairns,2172797,-16.92,145.77,80.6,40,14.99,61
660,Plettenberg Bay,964712,-34.05,23.37,54.85,20,28.77,100
661,Chara,262462,39.42,22.43,73.4,40,2.24,73
662,Sorong,1626542,-0.86,131.25,80.95,88,10.98,100
663,Namatanai,2090021,-3.66,152.44,83.83,44,4.38,98
664,Barra do Corda,3406318,-5.5,-45.25,69.61,12,9.98,100
665,Aksarka,1512019,66.56,67.8,54.04,0,15.57,53
666,Camargo,4013724,27.69,-105.17,80.68,80,6.06,24
667,Orangeburg,4590184,33.49,-80.86,73.94,1,3.49,86
668,Muisne,3653967,0.61,-80.02,68.98,64,2.93,98
669,Seoul,1835848,37.57,126.98,75.2,90,13.87,69
670,Jaypur,1275462,23.05,87.44,86.26,44,4.61,95
671,Port Hawkesbury,6111867,45.62,-61.36,62.6,1,5.82,77
672,Pervomayskiy,510911,53.24,40.29,75.1,0,4.5,32
673,Wufeng,1667031,24.63,121.12,82.4,75,8.05,100
674,Finnsnes,3157549,69.23,17.98,51.8,76,21.92,76
675,Sukumo,1851462,32.94,132.72,81.49,80,7.07,89
676,Bara,2347758,10.41,10.6,69.88,92,4.72,96
677,Schijndel,2747584,51.62,5.44,46.4,90,3.36,93
678,Savinskiy,467527,62.93,40.14,66.19,0,8.75,74
679,Hernani,3120811,43.27,-1.98,64.4,75,5.82,82
680,Yumen,1528998,40.29,97.04,71.14,88,13.22,37
681,Kiunga,2093846,-6.12,141.3,74.11,92,2.59,99
682,Tablas,3659718,0.73,-78.22,40.45,24,1.92,100
683,Imeni Zhelyabova,556430,58.95,36.6,68.17,8,8.52,63
684,Liwale,155921,-9.8,37.92,72.58,0,2.93,58
685,Vicente Guerrero,3522507,16.93,-96.7,53.77,8,2.04,93
686,Pawai,1260009,24.27,80.17,75.37,92,12.21,98
687,Ikom,2338242,5.96,8.72,71.41,100,3.38,96
688,Yerbogachen,2012956,61.28,108.01,64.21,32,3.71,73
689,Ostersund,2685750,63.18,14.64,46.4,12,5.82,87
690,Columbus,4188985,32.46,-84.99,77.0,1,4.16,100
691,Vizianagaram,1253084,18.12,83.4,80.14,100,8.19,93
692,Mehamn,778707,71.03,27.85,51.79,36,3.38,97
693,Bar-le-Duc,3034911,48.77,5.16,46.4,0,4.7,100
694,Machico,2266895,32.7,-16.77,71.6,20,20.8,68
695,Launceston,2160517,-41.43,147.14,51.8,40,26.4,76
696,Gwanda,890516,-20.94,29.0,64.3,0,7.4,44
697,Matara,3948642,-13.74,-72.9,29.83,36,2.04,96
698,Douglas,5293083,31.34,-109.55,69.98,1,6.93,81
699,Terrace,6162949,54.52,-128.61,59.0,90,8.05,72
700,Albemarle,4452303,35.35,-80.2,66.2,1,2.59,96
701,Oksfjord,778362,70.24,22.35,51.8,88,10.29,87
702,Myitkyina,1307741,25.38,97.4,82.75,48,2.15,86
703,Kaa-Khem,1500973,51.7,94.56,71.77,0,3.49,70
704,Thinadhoo,1337610,0.53,72.93,82.84,80,9.19,100
705,Noumea,2139521,-22.28,166.46,73.4,75,3.36,64
706,Walvis Bay,3359638,-22.95,14.51,54.31,0,16.46,100
707,Mollendo,3934707,-17.03,-72.02,48.01,0,2.37,91
708,Sampit,1628884,-2.54,112.95,90.04,36,8.63,69
709,Barcelos,2742416,41.53,-8.62,55.4,0,1.92,93
710,Vysokogornyy,2013216,50.1,139.13,68.44,32,3.94,50
711,Sokolo,2450849,14.74,-6.12,76.45,24,9.64,75
712,Povenets,505820,62.85,34.83,59.98,92,4.16,100
713,Mount Pleasant,4712933,33.16,-94.97,84.74,1,6.93,71
714,Tungor,2120400,53.39,142.95,67.99,0,14.79,64
715,Fomboni,921889,-12.28,43.74,76.45,0,7.18,100
716,Okhotsk,2122605,59.36,143.24,62.5,64,8.63,83
717,Manchester,5089178,43.0,-71.45,66.92,1,6.93,83
718,Iralaya,3608828,15.0,-83.23,81.67,92,10.76,87
719,Shiyan,1794903,32.65,110.78,84.1,0,3.6,53
720,San Andres,1690438,13.32,122.68,84.1,48,17.69,96
721,Betanzos,3128071,43.28,-8.21,53.6,0,2.24,100
722,Gondomar,2738925,41.14,-8.53,55.4,0,1.92,93
723,Pascagoula,4440397,30.37,-88.56,84.02,1,3.36,87
724,Wiarton,6186122,44.74,-81.13,68.0,75,16.11,94
725,Pemba,1028918,-12.97,40.52,69.8,20,5.82,94
726,Gao,2457163,16.28,-0.04,74.2,48,6.17,99
727,Great Yarmouth,2647984,52.61,1.73,50.0,0,5.82,87
728,Erdenet,2031405,49.03,104.04,69.61,0,2.48,65
729,Wuwei,1803936,37.93,102.64,68.89,8,3.94,82
730,Half Moon Bay,5354943,37.46,-122.43,60.8,90,4.7,93
731,Adrar,2508813,27.87,-0.29,82.4,0,12.75,24
732,Makokou,2399371,0.56,12.85,72.67,92,2.71,94
733,Peniche,2264923,39.36,-9.38,64.4,0,11.41,77
734,Mutare,884979,-18.97,32.67,60.07,0,3.6,85
735,Urubicha,3923644,-15.63,-63.08,66.01,56,8.19,31
736,Hewitt,4697330,31.46,-97.2,87.08,1,17.22,63
737,Avera,4231997,33.19,-82.53,78.98,1,4.72,92
738,Port Victoria,2063026,-34.5,137.49,58.9,56,10.2,85
739,Namibe,3347019,-15.19,12.15,63.4,0,3.6,100
740,Lingao,1803560,19.91,109.69,80.14,76,8.63,99
741,Aleksandrov Gay,583345,50.14,48.57,71.86,0,7.74,45
742,Ducheng,7895339,30.54,114.9,91.48,0,11.1,60
743,Kamakwie,2408154,9.5,-12.24,68.62,92,3.71,99
744,Ostroleka,762909,53.09,21.58,57.64,92,11.65,100
745,Rudsar,118191,37.14,50.29,80.6,20,2.24,74
746,Brownfield,5517675,33.18,-102.27,75.92,1,18.59,67
747,Bani Walid,2218840,31.76,14.0,72.13,0,3.49,73
748,Daru,2409663,7.99,-10.85,68.71,92,4.72,100
749,Swidwin,3084085,53.77,15.78,48.2,0,3.36,93
750,Huilong,1795424,28.89,110.18,85.63,92,7.4,47
751,Chumikan,2025256,54.72,135.31,66.73,0,5.39,66
752,Tikamgarh,1254534,24.74,78.83,76.81,92,11.43,96
753,El Alto,3911925,-16.5,-68.19,24.97,68,2.04,85
754,Olga,5368361,34.11,-118.17,73.94,75,5.82,78
755,Novyy Nekouz,516935,57.91,38.06,69.07,8,11.1,65
756,Buy,570508,58.48,41.53,70.06,0,10.2,70
757,Ola,2122574,59.58,151.3,62.6,75,8.95,55
758,Nuuk,3421319,64.17,-51.74,42.8,8,11.41,70
759,Delta del Tigre,3442778,-34.76,-56.41,37.4,0,5.82,88
760,Xai-Xai,1024552,-25.04,33.64,70.24,0,16.8,93
761,Barabai,1650064,-2.59,115.38,87.88,32,2.93,75
762,Arraias,3454606,-12.93,-46.94,73.66,12,10.76,40
763,Kumano,1862415,34.34,132.59,89.96,20,10.29,40
764,Bandarbeyla,64814,9.49,50.81,79.51,0,29.1,79
765,Duiwelskloof,1007514,-23.69,30.14,60.79,0,2.59,69
766,Goderich,5962442,43.74,-81.71,69.7,92,15.57,97
767,Brooks,5909514,50.57,-111.89,59.35,80,7.96,64
768,Araucaria,3471697,-25.59,-49.41,48.2,75,8.05,57
769,Anshun,1817968,26.25,105.93,79.6,8,8.63,57
770,Maceio,3395981,-9.67,-35.74,69.8,0,2.24,94
771,Mindelo,2739997,41.31,-8.72,55.4,0,15.57,93
772,Marysville,5001084,42.91,-82.49,71.6,40,15.01,94
773,Severo-Yeniseyskiy,1492566,60.37,93.04,63.58,12,3.15,74
774,Aras,69559,14.28,44.38,78.79,8,3.6,22
775,Hutchinson,4273299,38.06,-97.93,80.96,1,12.75,69
776,Shuangcheng,2034834,45.37,126.3,69.8,90,6.71,77
777,Kirakira,2178753,-10.46,161.92,82.12,92,17.25,100
778,Rincon,4218882,32.3,-81.24,78.8,1,3.6,95
779,Beroroha,1066831,-21.68,45.17,72.31,0,4.38,54
780,Manggar,1636426,-2.88,108.27,86.98,44,10.76,70
781,Bealanana,1068670,-14.54,48.75,69.43,0,3.71,59
782,Caceres,3679277,5.53,-74.53,63.67,24,1.48,96
783,Novoagansk,1497210,61.94,76.66,63.4,24,4.72,77
784,Duluth,5024719,46.77,-92.13,64.4,90,6.62,100
785,Marzuq,72181,14.4,46.47,85.18,20,3.49,27
786,Nyurba,2018735,63.29,118.35,62.41,44,3.6,70
787,Kaniama,214389,-7.57,24.18,66.55,12,3.15,91
788,Macia,1024701,-25.03,33.09,69.7,0,11.99,67
789,Guiratinga,3461733,-16.35,-53.76,70.33,80,4.5,78
790,Naze,2337542,5.43,7.07,71.6,40,2.93,94
791,Tommot,2015179,58.97,126.27,55.93,92,3.6,94
792,Pangnirtung,6096551,66.15,-65.72,38.56,76,4.16,97
793,Mishan,2035746,45.55,131.88,64.03,92,7.18,98
794,Iaciara,3461641,-14.1,-46.63,79.6,92,7.96,36
795,Manado,1636544,1.49,124.85,87.8,40,3.36,66
796,Feni,1185224,23.02,91.41,87.07,36,9.64,83
797,Taoudenni,2450173,22.68,-3.98,79.6,0,8.52,21
798,Luis Correia,3396121,-2.88,-41.67,77.26,0,12.44,86
799,Zhanaozen,607610,43.35,52.85,81.04,0,7.52,18
800,Makakilo City,5850554,21.35,-158.09,80.96,20,12.75,72
801,Buchanan,2278158,5.88,-10.05,73.4,75,9.08,94
802,Vokhtoga,472878,58.81,41.03,67.9,0,10.42,68
803,Sibiti,2255285,-3.69,13.35,68.44,48,3.94,92
804,Dongying,1812101,37.43,118.67,86.8,0,6.4,67
805,Chalons-en-Champagne,3027487,48.95,4.37,44.6,0,4.7,81
806,Greenville,4580543,34.85,-82.4,71.96,1,2.37,100
807,Lucapa,145724,-8.42,20.74,67.27,0,2.48,93
808,Thatcham,2636049,51.4,-1.26,51.8,88,4.7,87
809,Miguelopolis,3457192,-20.18,-48.03,66.2,75,6.62,88
810,Canyon,5518239,34.98,-101.92,74.48,1,10.29,69
811,Acajutla,3587498,13.59,-89.83,72.58,36,3.49,94
812,Cockburn Town,3576994,21.46,-71.14,83.11,64,17.69,98
813,Voskresenskoye,471607,56.84,45.43,67.45,0,3.6,65
814,King City,5363208,36.21,-121.13,59.0,90,8.05,83
815,Nikki,2392505,9.94,3.21,71.23,92,8.75,97
816,Malanje,2239862,-9.54,16.35,66.28,92,3.38,99
817,Siquirres,3621440,10.1,-83.51,73.48,24,3.04,96
818,Hadsund,2620952,56.72,10.12,51.8,36,5.82,93
819,Peruibe,3454061,-24.32,-47.0,67.63,92,9.64,95
820,Palmas,3474574,-10.18,-48.33,78.79,32,4.94,54
821,Meulaboh,1214488,4.14,96.13,84.82,68,2.15,93
822,Kalawit,1679429,7.91,122.53,82.03,32,3.6,81
823,Grand-Santi,3381538,4.27,-54.38,75.73,8,3.49,86
824,Jardim,3460087,-21.48,-56.15,51.16,8,9.53,62
825,Moree,2156927,-29.46,149.84,59.17,44,4.72,100
826,Neyshabur,122285,36.21,58.79,73.57,0,3.49,40
827,Madang,2091996,-5.21,145.81,79.51,64,4.16,99
828,Brae,2654970,60.4,-1.35,51.8,76,12.75,76
829,Hervey Bay,2146219,-25.3,152.85,61.87,92,4.38,100
830,Angostura,4018499,25.37,-108.16,82.84,36,3.94,84
831,Roseburg,5749352,43.22,-123.34,69.08,1,6.93,41
832,Curup,1645875,-3.47,102.53,77.08,68,0.92,82
833,Jiuquan,1280957,39.73,98.49,60.25,92,4.5,65
834,Oyama,1853483,36.31,139.8,95.0,40,5.82,50
835,Nidda,2863716,50.41,9.01,44.6,0,3.36,93
836,Atasu,1526041,48.68,71.64,52.87,88,6.4,100
837,Kita,1850144,35.76,139.74,98.6,20,14.99,56
838,Luena,3347719,-11.78,19.91,62.41,0,3.38,60
839,Batagay-Alyta,2027042,67.8,130.41,55.57,0,4.05,70
840,Stavanger,3137115,58.97,5.73,51.8,20,5.82,81
841,Kalundborg,2619154,55.68,11.1,51.8,68,6.93,93
842,Manuk Mangkaw,1701394,4.8,119.85,84.28,20,10.09,100
843,Cumaral,3684662,3.7,-73.91,67.63,68,2.59,89
844,Kerema,2094144,-7.96,145.78,74.02,92,2.93,100
845,Vetlanda,2663293,57.43,15.09,48.2,76,5.82,100
846,Ust-Ilimsk,2013952,57.96,102.73,73.75,8,4.5,57
847,Igarka,1505991,67.47,86.57,63.31,0,8.97,63
848,Miram Shah,1170367,33.01,70.07,75.1,24,2.71,91
849,Llano Largo,3526923,20.3,-99.76,52.51,0,3.04,89
850,Raudeberg,3146487,61.99,5.14,48.2,92,6.93,93
851,Tanout,2439155,14.97,8.88,72.31,0,7.18,96
852,Moose Factory,6078372,51.26,-80.61,59.0,90,3.36,93
853,Makat,608872,47.65,53.35,75.91,0,5.5,33
854,Lata,1253628,30.78,78.62,58.63,92,1.48,100
855,Zavitinsk,2012626,50.11,129.44,76.45,76,3.49,70
856,Olinda,3650121,-2.03,-79.75,69.8,20,10.29,77
857,Bedele,342567,8.46,36.35,62.05,92,3.6,98
858,Berdigestyakh,2026861,62.1,126.7,61.96,64,5.5,77
859,Wattegama,1241622,7.35,80.68,74.11,100,5.61,95
860,Marsaxlokk,2562247,35.84,14.54,77.0,20,12.75,73
861,Thiruvananthapuram,1254163,8.48,76.92,84.2,40,9.17,74
862,Gorey,64536,3.22,43.63,74.47,76,11.43,78
863,Nhulunbuy,2064735,-12.18,136.78,80.6,40,14.99,61
864,Nileshwar,1261394,12.25,75.1,76.09,76,8.41,100
865,Baruun-Urt,2032614,46.68,113.28,75.91,56,3.71,52
866,Petropavlovsk-Kamchatskiy,2122104,53.05,158.65,64.4,20,11.18,68
867,Dong Xoai,1582436,11.53,106.92,82.84,88,4.5,85
868,Puerto Escondido,3520994,15.86,-97.07,85.27,48,2.04,100
869,Katima Mulilo,877178,-17.5,24.28,63.76,0,8.52,49
870,Chilca,3934055,-13.22,-72.34,48.2,75,2.24,57
871,Kurilsk,2123979,45.23,147.88,55.48,100,13.78,99
872,Tudela,3107418,42.06,-1.61,60.8,0,8.05,71
873,Yerky,701075,49.93,33.53,69.97,0,6.4,37
874,Bima,1648759,-8.45,118.73,83.83,56,3.94,66
875,Ust-Tsilma,477940,65.44,52.15,58.81,0,4.5,76
876,Pasighat,1260206,28.06,95.33,80.68,32,2.04,81
877,College,5859699,64.86,-147.8,57.92,1,4.7,70
878,Bambanglipuro,1650434,-7.95,110.28,88.51,0,8.08,48
879,Cintalapa,3530617,16.7,-93.73,68.89,92,2.15,95
